"animal","dam","sire","dat"
"09_107F",NA,NA,FALSE
"10_A1F",NA,NA,FALSE
"10_128F",NA,NA,FALSE
"10_A17F",NA,NA,FALSE
"11_A42F",NA,NA,FALSE
"10_53F",NA,NA,FALSE
"10_41F",NA,NA,FALSE
"10_A39F",NA,NA,FALSE
"11_62F",NA,NA,FALSE
"16_A46F",NA,NA,FALSE
"16_A14F",NA,NA,FALSE
"16_156F",NA,NA,FALSE
"10_158F",NA,NA,FALSE
"10_82F",NA,NA,FALSE
"10_179F",NA,NA,FALSE
"14_46F",NA,NA,FALSE
"09_107M",NA,NA,FALSE
"10_C33",NA,NA,FALSE
"10_C45",NA,NA,FALSE
"10_C65",NA,NA,FALSE
"10_C21",NA,NA,FALSE
"11_C14",NA,NA,FALSE
"09_5M",NA,NA,FALSE
"09_1M",NA,NA,FALSE
"09_78M",NA,NA,FALSE
"10_C40",NA,NA,FALSE
"11_C63",NA,NA,FALSE
"12_C61",NA,NA,FALSE
"14_C47",NA,NA,FALSE
"16_C15",NA,NA,FALSE
"16_C20",NA,NA,FALSE
"16_C21",NA,NA,FALSE
"16_C12",NA,NA,FALSE
"16_C30",NA,NA,FALSE
"16_C31",NA,NA,FALSE
"16_C39",NA,NA,FALSE
"12_C37",NA,NA,FALSE
"X552013",NA,NA,TRUE
"X552051",NA,NA,TRUE
"X552015",NA,NA,TRUE
"X552018",NA,NA,TRUE
"X552058",NA,NA,TRUE
"X552036",NA,NA,TRUE
"X552052",NA,NA,TRUE
"X552059",NA,NA,TRUE
"X552016",NA,NA,TRUE
"X552017",NA,NA,TRUE
"X552053",NA,NA,TRUE
"X552020",NA,NA,TRUE
"X552060",NA,NA,TRUE
"X552070",NA,NA,TRUE
"X552074",NA,NA,TRUE
"X552071",NA,NA,TRUE
"X552021",NA,NA,TRUE
"X552072",NA,NA,TRUE
"X552073",NA,NA,TRUE
"X552025",NA,NA,TRUE
"X552034",NA,NA,TRUE
"X552075",NA,NA,TRUE
"X552032",NA,NA,TRUE
"X552033",NA,NA,TRUE
"X552085",NA,NA,TRUE
"X552076",NA,NA,TRUE
"P865426",NA,NA,TRUE
"P865414",NA,NA,TRUE
"X552090",NA,NA,TRUE
"X552039",NA,NA,TRUE
"X552078",NA,NA,TRUE
"X552041",NA,NA,TRUE
"X552037",NA,NA,TRUE
"X552081",NA,NA,TRUE
"X552022",NA,NA,TRUE
"X552077",NA,NA,TRUE
"X552040",NA,NA,TRUE
"X552092",NA,NA,TRUE
"X552038",NA,NA,TRUE
"X552083",NA,NA,TRUE
"X552035",NA,NA,TRUE
"X552086",NA,NA,TRUE
"X552049",NA,NA,TRUE
"X552084",NA,NA,TRUE
"X552047",NA,NA,TRUE
"X552087",NA,NA,TRUE
"X552043",NA,NA,TRUE
"X552088",NA,NA,TRUE
"P865398",NA,NA,TRUE
"X552089",NA,NA,TRUE
"X552055",NA,NA,TRUE
"X552079",NA,NA,TRUE
"X552082",NA,NA,TRUE
"X552080",NA,NA,TRUE
"X552054",NA,NA,TRUE
"P865325",NA,NA,TRUE
"X275503",NA,NA,TRUE
"P865470",NA,NA,TRUE
"X552091",NA,NA,TRUE
"X552048",NA,NA,TRUE
"X552093",NA,NA,TRUE
"X552094",NA,NA,TRUE
"X552095",NA,NA,TRUE
"X552042",NA,NA,TRUE
"X552096",NA,NA,TRUE
"X552046",NA,NA,TRUE
"X552097",NA,NA,TRUE
"X552050",NA,NA,TRUE
"X552098",NA,NA,TRUE
"X552045",NA,NA,TRUE
"X552099",NA,NA,TRUE
"X552056",NA,NA,TRUE
"X552100",NA,NA,TRUE
"X552101",NA,NA,TRUE
"X552102",NA,NA,TRUE
"P865490",NA,NA,TRUE
"X552104",NA,NA,TRUE
"X552105",NA,NA,TRUE
"P865311",NA,NA,TRUE
"P865479",NA,NA,TRUE
"P865423",NA,NA,TRUE
"X552106",NA,NA,TRUE
"X552107",NA,NA,TRUE
"X552108",NA,NA,TRUE
"X552109",NA,NA,TRUE
"P865442",NA,NA,TRUE
"P865467",NA,NA,TRUE
"X552111",NA,NA,TRUE
"X552110",NA,NA,TRUE
"X552112",NA,NA,TRUE
"X552114",NA,NA,TRUE
"X552113",NA,NA,TRUE
"X552115",NA,NA,TRUE
"X552117",NA,NA,TRUE
"X552116",NA,NA,TRUE
"P865399",NA,NA,TRUE
"T562547",NA,NA,TRUE
"X552118",NA,NA,TRUE
"X552014",NA,NA,TRUE
"X552119",NA,NA,TRUE
"X552120",NA,NA,TRUE
"X552121",NA,NA,TRUE
"X552044",NA,NA,TRUE
"X552031",NA,NA,TRUE
"X552019",NA,NA,TRUE
"X552057",NA,NA,TRUE
"P865403",NA,NA,TRUE
"X551351","09_107F","09_107M",TRUE
"L002320",NA,NA,TRUE
"L002125",NA,NA,TRUE
"L002178",NA,NA,TRUE
"X552122",NA,NA,TRUE
"X552123",NA,NA,TRUE
"X552125",NA,NA,TRUE
"X552124",NA,NA,TRUE
"L002135",NA,NA,TRUE
"L002248",NA,NA,TRUE
"P865295",NA,NA,TRUE
"X552126",NA,NA,TRUE
"L002076",NA,NA,TRUE
"X552127",NA,NA,TRUE
"L002118",NA,NA,TRUE
"L002275",NA,NA,TRUE
"X552128",NA,NA,TRUE
"L002177",NA,NA,TRUE
"L002184",NA,NA,TRUE
"L002223",NA,NA,TRUE
"L002241",NA,NA,TRUE
"X552130",NA,NA,TRUE
"X552129",NA,NA,TRUE
"L002221",NA,NA,TRUE
"L002029",NA,NA,TRUE
"X552131",NA,NA,TRUE
"X552133",NA,NA,TRUE
"L002015",NA,NA,TRUE
"L002026",NA,NA,TRUE
"L002067",NA,NA,TRUE
"L002136",NA,NA,TRUE
"X552134",NA,NA,TRUE
"X552136",NA,NA,TRUE
"X552137",NA,NA,TRUE
"X552138",NA,NA,TRUE
"X552139",NA,NA,TRUE
"X552135",NA,NA,TRUE
"X552141",NA,NA,TRUE
"L002219",NA,NA,TRUE
"X552132",NA,NA,TRUE
"L002205",NA,NA,TRUE
"L002264",NA,NA,TRUE
"P865483",NA,NA,TRUE
"L002215",NA,NA,TRUE
"X552140",NA,NA,TRUE
"L002168",NA,NA,TRUE
"X552142",NA,NA,TRUE
"X552147",NA,NA,TRUE
"L002095",NA,NA,TRUE
"L002084",NA,NA,TRUE
"L002204",NA,NA,TRUE
"X552145",NA,NA,TRUE
"X552144",NA,NA,TRUE
"X552146",NA,NA,TRUE
"L002316",NA,NA,TRUE
"X552148",NA,NA,TRUE
"X552151",NA,NA,TRUE
"X552149",NA,NA,TRUE
"L002154",NA,NA,TRUE
"L002117",NA,NA,TRUE
"L002123",NA,NA,TRUE
"X552150",NA,NA,TRUE
"X552155",NA,NA,TRUE
"X552156",NA,NA,TRUE
"X552153",NA,NA,TRUE
"X552154",NA,NA,TRUE
"X552152",NA,NA,TRUE
"L002174",NA,NA,TRUE
"P865308",NA,NA,TRUE
"L002079",NA,NA,TRUE
"L002120",NA,NA,TRUE
"L002295",NA,NA,TRUE
"L002093",NA,NA,TRUE
"X552165",NA,NA,TRUE
"X552166",NA,NA,TRUE
"X552157",NA,NA,TRUE
"X552158",NA,NA,TRUE
"X552159",NA,NA,TRUE
"X552160",NA,NA,TRUE
"X552163",NA,NA,TRUE
"X552162",NA,NA,TRUE
"L002010",NA,NA,TRUE
"X552161",NA,NA,TRUE
"L002334",NA,NA,TRUE
"L002331",NA,NA,TRUE
"X552164",NA,NA,TRUE
"L002173",NA,NA,TRUE
"X552168",NA,NA,TRUE
"X552167",NA,NA,TRUE
"X552172",NA,NA,TRUE
"X552173",NA,NA,TRUE
"X552174",NA,NA,TRUE
"L002176",NA,NA,TRUE
"X552175",NA,NA,TRUE
"X552171",NA,NA,TRUE
"X552170",NA,NA,TRUE
"X552169",NA,NA,TRUE
"X551740","10_A1F","10_C33",TRUE
"X551895","10_128F","10_C45",TRUE
"X551909","10_A17F","10_C65",TRUE
"L298545","10_A17F","10_C21",TRUE
"L002023",NA,NA,TRUE
"L002073",NA,NA,TRUE
"L002074",NA,NA,TRUE
"L002080",NA,NA,TRUE
"L002089",NA,NA,TRUE
"L002130",NA,NA,TRUE
"L002131",NA,NA,TRUE
"L002140",NA,NA,TRUE
"L002146",NA,NA,TRUE
"L002156",NA,NA,TRUE
"L002161",NA,NA,TRUE
"L002162",NA,NA,TRUE
"L002165",NA,NA,TRUE
"L002185",NA,NA,TRUE
"L002199",NA,NA,TRUE
"L002203",NA,NA,TRUE
"L002208",NA,NA,TRUE
"L002210",NA,NA,TRUE
"L002218",NA,NA,TRUE
"L002265",NA,NA,TRUE
"L002268",NA,NA,TRUE
"L002271",NA,NA,TRUE
"L002292",NA,NA,TRUE
"L002297",NA,NA,TRUE
"L002302",NA,NA,TRUE
"L852019",NA,NA,TRUE
"L852033",NA,NA,TRUE
"L852044",NA,NA,TRUE
"L852046",NA,NA,TRUE
"P865300",NA,NA,TRUE
"P865340",NA,NA,TRUE
"P865387",NA,NA,TRUE
"P865402",NA,NA,TRUE
"P865417",NA,NA,TRUE
"P865430",NA,NA,TRUE
"P865480",NA,NA,TRUE
"P865486",NA,NA,TRUE
"X275517",NA,NA,TRUE
"L852122",NA,NA,TRUE
"L852123",NA,NA,TRUE
"L852124",NA,NA,TRUE
"L852125",NA,NA,TRUE
"L852126",NA,NA,TRUE
"L852137",NA,NA,TRUE
"L852140",NA,NA,TRUE
"L852142",NA,NA,TRUE
"L852146",NA,NA,TRUE
"L852147",NA,NA,TRUE
"L852148",NA,NA,TRUE
"L852149",NA,NA,TRUE
"L852151",NA,NA,TRUE
"L852152",NA,NA,TRUE
"L852153",NA,NA,TRUE
"L852157",NA,NA,TRUE
"L852158",NA,NA,TRUE
"L852160",NA,NA,TRUE
"L852163",NA,NA,TRUE
"L852164",NA,NA,TRUE
"L852166",NA,NA,TRUE
"L852168",NA,NA,TRUE
"L852170",NA,NA,TRUE
"L852171",NA,NA,TRUE
"L852172",NA,NA,TRUE
"L852173",NA,NA,TRUE
"L852176",NA,NA,TRUE
"L852177",NA,NA,TRUE
"L852182",NA,NA,TRUE
"L852185",NA,NA,TRUE
"L852186",NA,NA,TRUE
"L852193",NA,NA,TRUE
"L852194",NA,NA,TRUE
"L852196",NA,NA,TRUE
"L852204",NA,NA,TRUE
"L852206",NA,NA,TRUE
"L852207",NA,NA,TRUE
"L852209",NA,NA,TRUE
"L852210",NA,NA,TRUE
"L852213",NA,NA,TRUE
"L852214",NA,NA,TRUE
"L852217",NA,NA,TRUE
"L852219",NA,NA,TRUE
"L852221",NA,NA,TRUE
"L852225",NA,NA,TRUE
"L298884","11_A42F","11_C14",TRUE
"L298892","11_A42F","11_C14",TRUE
"X552181",NA,NA,TRUE
"X552183",NA,NA,TRUE
"X552179",NA,NA,TRUE
"X552176",NA,NA,TRUE
"X552256",NA,NA,TRUE
"X552253",NA,NA,TRUE
"X552187",NA,NA,TRUE
"X552255",NA,NA,TRUE
"X552254",NA,NA,TRUE
"X552278",NA,NA,TRUE
"X552190",NA,NA,TRUE
"X552186",NA,NA,TRUE
"X552270",NA,NA,TRUE
"X552207",NA,NA,TRUE
"L969338",NA,NA,TRUE
"X552268",NA,NA,TRUE
"X552192",NA,NA,TRUE
"X552188",NA,NA,TRUE
"X552267",NA,NA,TRUE
"X552200",NA,NA,TRUE
"X552189",NA,NA,TRUE
"X552180",NA,NA,TRUE
"X552193",NA,NA,TRUE
"X552206",NA,NA,TRUE
"X552191",NA,NA,TRUE
"X552178",NA,NA,TRUE
"X552177",NA,NA,TRUE
"X552182",NA,NA,TRUE
"X552185",NA,NA,TRUE
"X552199",NA,NA,TRUE
"X552251",NA,NA,TRUE
"X552201",NA,NA,TRUE
"X552277",NA,NA,TRUE
"X552279",NA,NA,TRUE
"X552257",NA,NA,TRUE
"X552261",NA,NA,TRUE
"X552260",NA,NA,TRUE
"X552264",NA,NA,TRUE
"X552250",NA,NA,TRUE
"X552252",NA,NA,TRUE
"X552265",NA,NA,TRUE
"X552276",NA,NA,TRUE
"X552273",NA,NA,TRUE
"X552274",NA,NA,TRUE
"X552275",NA,NA,TRUE
"X552212",NA,NA,TRUE
"X552205",NA,NA,TRUE
"X552204",NA,NA,TRUE
"X552269",NA,NA,TRUE
"X552272",NA,NA,TRUE
"X552259",NA,NA,TRUE
"X552208",NA,NA,TRUE
"X552271",NA,NA,TRUE
"X552258",NA,NA,TRUE
"X552194",NA,NA,TRUE
"X552266",NA,NA,TRUE
"X552211",NA,NA,TRUE
"X552196",NA,NA,TRUE
"X552263",NA,NA,TRUE
"X552249",NA,NA,TRUE
"X552248",NA,NA,TRUE
"X552262",NA,NA,TRUE
"X552198",NA,NA,TRUE
"X552247",NA,NA,TRUE
"X552210",NA,NA,TRUE
"X552209",NA,NA,TRUE
"X552197",NA,NA,TRUE
"X552202",NA,NA,TRUE
"X552203",NA,NA,TRUE
"X552195",NA,NA,TRUE
"X552280",NA,NA,TRUE
"X552184",NA,NA,TRUE
"X552283",NA,NA,TRUE
"X552281",NA,NA,TRUE
"X552284",NA,NA,TRUE
"X552285",NA,NA,TRUE
"X552286",NA,NA,TRUE
"X552287",NA,NA,TRUE
"X552288",NA,NA,TRUE
"X552289",NA,NA,TRUE
"X552290",NA,NA,TRUE
"X552291",NA,NA,TRUE
"X552292",NA,NA,TRUE
"X552293",NA,NA,TRUE
"X552294",NA,NA,TRUE
"X552295",NA,NA,TRUE
"X552296",NA,NA,TRUE
"X552297",NA,NA,TRUE
"X552298",NA,NA,TRUE
"X552299",NA,NA,TRUE
"X552300",NA,NA,TRUE
"X552301",NA,NA,TRUE
"X552302",NA,NA,TRUE
"X552306",NA,NA,TRUE
"X552303",NA,NA,TRUE
"X552308",NA,NA,TRUE
"X552307",NA,NA,TRUE
"X552305",NA,NA,TRUE
"X552304",NA,NA,TRUE
"X552309",NA,NA,TRUE
"X552310",NA,NA,TRUE
"X552311",NA,NA,TRUE
"X552312",NA,NA,TRUE
"X552313",NA,NA,TRUE
"X552314",NA,NA,TRUE
"X552321",NA,NA,TRUE
"X552315",NA,NA,TRUE
"X552317",NA,NA,TRUE
"X552316",NA,NA,TRUE
"X552318",NA,NA,TRUE
"X552320",NA,NA,TRUE
"X552319",NA,NA,TRUE
"X552349",NA,NA,TRUE
"X552322",NA,NA,TRUE
"X552338",NA,NA,TRUE
"X552337",NA,NA,TRUE
"X552339",NA,NA,TRUE
"X552340",NA,NA,TRUE
"X552344",NA,NA,TRUE
"X552341",NA,NA,TRUE
"X552342",NA,NA,TRUE
"X552343",NA,NA,TRUE
"X552348",NA,NA,TRUE
"X552347",NA,NA,TRUE
"X552352",NA,NA,TRUE
"X552346",NA,NA,TRUE
"X552345",NA,NA,TRUE
"X552353",NA,NA,TRUE
"X552350",NA,NA,TRUE
"X552351",NA,NA,TRUE
"X552354",NA,NA,TRUE
"X552356",NA,NA,TRUE
"X552355",NA,NA,TRUE
"X552357",NA,NA,TRUE
"X552358",NA,NA,TRUE
"X552402",NA,NA,TRUE
"X552385",NA,NA,TRUE
"X552407",NA,NA,TRUE
"X552389",NA,NA,TRUE
"X552408",NA,NA,TRUE
"X552399",NA,NA,TRUE
"X552400",NA,NA,TRUE
"X552403",NA,NA,TRUE
"X552401",NA,NA,TRUE
"X552390",NA,NA,TRUE
"X552409",NA,NA,TRUE
"X552398",NA,NA,TRUE
"X552413",NA,NA,TRUE
"X552391",NA,NA,TRUE
"X552415",NA,NA,TRUE
"X552386",NA,NA,TRUE
"X552387",NA,NA,TRUE
"X552414",NA,NA,TRUE
"X552410",NA,NA,TRUE
"X552411",NA,NA,TRUE
"X552397",NA,NA,TRUE
"X552404",NA,NA,TRUE
"X552417",NA,NA,TRUE
"D226007",NA,NA,TRUE
"X552395",NA,NA,TRUE
"X552393",NA,NA,TRUE
"X552392",NA,NA,TRUE
"Y896241",NA,NA,TRUE
"X552384",NA,NA,TRUE
"X552412",NA,NA,TRUE
"X552405",NA,NA,TRUE
"X552372",NA,NA,TRUE
"X552396",NA,NA,TRUE
"X552394",NA,NA,TRUE
"X552381",NA,NA,TRUE
"X552380",NA,NA,TRUE
"X552383",NA,NA,TRUE
"X552406",NA,NA,TRUE
"X552359",NA,NA,TRUE
"X552360",NA,NA,TRUE
"X552382",NA,NA,TRUE
"X552363",NA,NA,TRUE
"X552375",NA,NA,TRUE
"X552376",NA,NA,TRUE
"X552369",NA,NA,TRUE
"X552370",NA,NA,TRUE
"X552362",NA,NA,TRUE
"X552378",NA,NA,TRUE
"X552379",NA,NA,TRUE
"X552371",NA,NA,TRUE
"X552367",NA,NA,TRUE
"X552368",NA,NA,TRUE
"X552361",NA,NA,TRUE
"X552364",NA,NA,TRUE
"X552365",NA,NA,TRUE
"X552366",NA,NA,TRUE
"X552377",NA,NA,TRUE
"X552388",NA,NA,TRUE
"X552373",NA,NA,TRUE
"X552374",NA,NA,TRUE
"L970687",NA,NA,TRUE
"X552418",NA,NA,TRUE
"X552416",NA,NA,TRUE
"X552419",NA,NA,TRUE
"X552420",NA,NA,TRUE
"X552421",NA,NA,TRUE
"X552424",NA,NA,TRUE
"X552422",NA,NA,TRUE
"X552423",NA,NA,TRUE
"X552425",NA,NA,TRUE
"X552426",NA,NA,TRUE
"X552428",NA,NA,TRUE
"X552429",NA,NA,TRUE
"X552430",NA,NA,TRUE
"X552427",NA,NA,TRUE
"X552431",NA,NA,TRUE
"X552434",NA,NA,TRUE
"X552435",NA,NA,TRUE
"X552436",NA,NA,TRUE
"X552437",NA,NA,TRUE
"X552432",NA,NA,TRUE
"X552433",NA,NA,TRUE
"X552438",NA,NA,TRUE
"X552439",NA,NA,TRUE
"X552440",NA,NA,TRUE
"X552441",NA,NA,TRUE
"X552447",NA,NA,TRUE
"X552446",NA,NA,TRUE
"X552449",NA,NA,TRUE
"X552448",NA,NA,TRUE
"X552445",NA,NA,TRUE
"X552444",NA,NA,TRUE
"X552452",NA,NA,TRUE
"X552442",NA,NA,TRUE
"X552443",NA,NA,TRUE
"X552450",NA,NA,TRUE
"X552451",NA,NA,TRUE
"X552453",NA,NA,TRUE
"X552454",NA,NA,TRUE
"X552460",NA,NA,TRUE
"X552462",NA,NA,TRUE
"X552455",NA,NA,TRUE
"X552461",NA,NA,TRUE
"X552463",NA,NA,TRUE
"X552459",NA,NA,TRUE
"X552456",NA,NA,TRUE
"X552457",NA,NA,TRUE
"X552458",NA,NA,TRUE
"X552464",NA,NA,TRUE
"X552466",NA,NA,TRUE
"X552465",NA,NA,TRUE
"X552467",NA,NA,TRUE
"X552468",NA,NA,TRUE
"X552470",NA,NA,TRUE
"X552469",NA,NA,TRUE
"X552473",NA,NA,TRUE
"X552472",NA,NA,TRUE
"X552471",NA,NA,TRUE
"X552477",NA,NA,TRUE
"X552474",NA,NA,TRUE
"X552475",NA,NA,TRUE
"X552476",NA,NA,TRUE
"X552478",NA,NA,TRUE
"X552479",NA,NA,TRUE
"X552480",NA,NA,TRUE
"X552481",NA,NA,TRUE
"X552482",NA,NA,TRUE
"X552497",NA,NA,TRUE
"X552483",NA,NA,TRUE
"X552487",NA,NA,TRUE
"X552484",NA,NA,TRUE
"X552486",NA,NA,TRUE
"X552485",NA,NA,TRUE
"X552488",NA,NA,TRUE
"X552490",NA,NA,TRUE
"X552498",NA,NA,TRUE
"X552491",NA,NA,TRUE
"X552493",NA,NA,TRUE
"X552489",NA,NA,TRUE
"X552499",NA,NA,TRUE
"X552494",NA,NA,TRUE
"X552492",NA,NA,TRUE
"X552495",NA,NA,TRUE
"X552496",NA,NA,TRUE
"X552500",NA,NA,TRUE
"D518505",NA,NA,TRUE
"D518504",NA,NA,TRUE
"D518503",NA,NA,TRUE
"D518501",NA,NA,TRUE
"D518502",NA,NA,TRUE
"D518507",NA,NA,TRUE
"D518509",NA,NA,TRUE
"D518506",NA,NA,TRUE
"D518508",NA,NA,TRUE
"D518510",NA,NA,TRUE
"D518512",NA,NA,TRUE
"D518513",NA,NA,TRUE
"D518511",NA,NA,TRUE
"D518600",NA,NA,TRUE
"D518515",NA,NA,TRUE
"D518516",NA,NA,TRUE
"D518514",NA,NA,TRUE
"D518517",NA,NA,TRUE
"D518520",NA,NA,TRUE
"D518521",NA,NA,TRUE
"D518519",NA,NA,TRUE
"D518518",NA,NA,TRUE
"D518522",NA,NA,TRUE
"D518523",NA,NA,TRUE
"D518525",NA,NA,TRUE
"D518524",NA,NA,TRUE
"D518527",NA,NA,TRUE
"D518528",NA,NA,TRUE
"D518529",NA,NA,TRUE
"D518654",NA,NA,TRUE
"D518526",NA,NA,TRUE
"D518533",NA,NA,TRUE
"D518530",NA,NA,TRUE
"D518531",NA,NA,TRUE
"D518532",NA,NA,TRUE
"D518534",NA,NA,TRUE
"D518535",NA,NA,TRUE
"D518536",NA,NA,TRUE
"D518537",NA,NA,TRUE
"D518538",NA,NA,TRUE
"D518668",NA,NA,TRUE
"D518539",NA,NA,TRUE
"D518540",NA,NA,TRUE
"D518541",NA,NA,TRUE
"D518545",NA,NA,TRUE
"D518546",NA,NA,TRUE
"D518547",NA,NA,TRUE
"D518543",NA,NA,TRUE
"D518544",NA,NA,TRUE
"D518548",NA,NA,TRUE
"D518542",NA,NA,TRUE
"D518549",NA,NA,TRUE
"D518550",NA,NA,TRUE
"D518551",NA,NA,TRUE
"D518556",NA,NA,TRUE
"D518560",NA,NA,TRUE
"D518555",NA,NA,TRUE
"D518558",NA,NA,TRUE
"D518552",NA,NA,TRUE
"D518554",NA,NA,TRUE
"D518559",NA,NA,TRUE
"D518553",NA,NA,TRUE
"D518561",NA,NA,TRUE
"D518565",NA,NA,TRUE
"D518564",NA,NA,TRUE
"D518562",NA,NA,TRUE
"D518563",NA,NA,TRUE
"D518569",NA,NA,TRUE
"D518566",NA,NA,TRUE
"D518567",NA,NA,TRUE
"D518568",NA,NA,TRUE
"D518570",NA,NA,TRUE
"D518572",NA,NA,TRUE
"D518599",NA,NA,TRUE
"D518598",NA,NA,TRUE
"D518571",NA,NA,TRUE
"D518573",NA,NA,TRUE
"D518574",NA,NA,TRUE
"D518575",NA,NA,TRUE
"D518576",NA,NA,TRUE
"D518577",NA,NA,TRUE
"D518579",NA,NA,TRUE
"D518578",NA,NA,TRUE
"D518581",NA,NA,TRUE
"D518580",NA,NA,TRUE
"D518583",NA,NA,TRUE
"D518582",NA,NA,TRUE
"D518584",NA,NA,TRUE
"D518586",NA,NA,TRUE
"D518585",NA,NA,TRUE
"D518587",NA,NA,TRUE
"D518588",NA,NA,TRUE
"D518591",NA,NA,TRUE
"D518589",NA,NA,TRUE
"D518590",NA,NA,TRUE
"D518592",NA,NA,TRUE
"17_A30M",NA,NA,TRUE
"D518593",NA,NA,TRUE
"D518595",NA,NA,TRUE
"D518594",NA,NA,TRUE
"D518596",NA,NA,TRUE
"S955602",NA,NA,TRUE
"S955601",NA,NA,TRUE
"D518597",NA,NA,TRUE
"S955603",NA,NA,TRUE
"D378335",NA,NA,TRUE
"S955606",NA,NA,TRUE
"S955605",NA,NA,TRUE
"S955604",NA,NA,TRUE
"S955607",NA,NA,TRUE
"S955609",NA,NA,TRUE
"S955610",NA,NA,TRUE
"S955621",NA,NA,TRUE
"S955612",NA,NA,TRUE
"S955613",NA,NA,TRUE
"S955608",NA,NA,TRUE
"S955611",NA,NA,TRUE
"S955642",NA,NA,TRUE
"S955620",NA,NA,TRUE
"D946982",NA,NA,TRUE
"S955622",NA,NA,TRUE
"S955623",NA,NA,TRUE
"S955628",NA,NA,TRUE
"S955619",NA,NA,TRUE
"S955618",NA,NA,TRUE
"S955616",NA,NA,TRUE
"S955617",NA,NA,TRUE
"S955614",NA,NA,TRUE
"S955615",NA,NA,TRUE
"S955624",NA,NA,TRUE
"S955626",NA,NA,TRUE
"S955627",NA,NA,TRUE
"S955630",NA,NA,TRUE
"S955629",NA,NA,TRUE
"S955625",NA,NA,TRUE
"S955631",NA,NA,TRUE
"S955632",NA,NA,TRUE
"S955633",NA,NA,TRUE
"S955634",NA,NA,TRUE
"S955652",NA,NA,TRUE
"S955640",NA,NA,TRUE
"S955641",NA,NA,TRUE
"S955639",NA,NA,TRUE
"S955638",NA,NA,TRUE
"S955656",NA,NA,TRUE
"S955637",NA,NA,TRUE
"S955636",NA,NA,TRUE
"S955643",NA,NA,TRUE
"S955644",NA,NA,TRUE
"S955646",NA,NA,TRUE
"S955649",NA,NA,TRUE
"S955647",NA,NA,TRUE
"S955648",NA,NA,TRUE
"S955645",NA,NA,TRUE
"S955650",NA,NA,TRUE
"S955653",NA,NA,TRUE
"S955651",NA,NA,TRUE
"S955657",NA,NA,TRUE
"S955655",NA,NA,TRUE
"S955661",NA,NA,TRUE
"S955654",NA,NA,TRUE
"S955658",NA,NA,TRUE
"S955659",NA,NA,TRUE
"S955660",NA,NA,TRUE
"S955663",NA,NA,TRUE
"S955662",NA,NA,TRUE
"S955668",NA,NA,TRUE
"S955664",NA,NA,TRUE
"S955666",NA,NA,TRUE
"S955665",NA,NA,TRUE
"S955635",NA,NA,TRUE
"S955667",NA,NA,TRUE
"S955669",NA,NA,TRUE
"S955670",NA,NA,TRUE
"X551014","X552015","09_5M",TRUE
"X551011","X552014","X552119",TRUE
"X551012","X552015","09_5M",TRUE
"X551016","X552015","09_5M",TRUE
"X551100","X552025","09_1M",TRUE
"X551098","X552072","X552097",TRUE
"X551255","X552082","X552080",TRUE
"X551209","P865398","X552089",TRUE
"X551212","P865398","X552089",TRUE
"X551303","P865470","X552091",TRUE
"X551186","X552032","X552075",TRUE
"X551185","X552022","X552077",TRUE
"X551416","P865442",NA,TRUE
"X551369","P865311","X552090",TRUE
"X551214","X552054","X552090",TRUE
"X551131","X552037",NA,TRUE
"X551137","X552045","X552099",TRUE
"X551104","P865426","X552076",TRUE
"X551139","X552022","X552109",TRUE
"X551338","X552056","X552100",TRUE
"X551335","X552050","X552098",TRUE
"X551047","X552016",NA,TRUE
"X551053","X552018","X552058",TRUE
"X551052","X552016",NA,TRUE
"X551051","X552018","X552058",TRUE
"X551073","X552035","X552086",TRUE
"X551239","X552041","09_78M",TRUE
"X551236","P865470","X552091",TRUE
"X551088","X552021","X552071",TRUE
"X551045","X552020","X552060",TRUE
"X551497","X552112","L002136",TRUE
"X551555","X552018","X552058",TRUE
"X551544","10_53F","X552125",TRUE
"X551551","X552018","X552080",TRUE
"X551506","X552074","X552070",TRUE
"X551519","X552074","X552070",TRUE
"X551529","X552018","X552080",TRUE
"X551528","10_53F","X552125",TRUE
"X551534","X552018","X552058",TRUE
"X551570","L002248","P865295",TRUE
"X551576","L002248","P865295",TRUE
"X551631","L002184","X552127",TRUE
"X551628","L002076","X552127",TRUE
"X551619","L002118","X552101",TRUE
"X551621","X552151","X552093",TRUE
"X551615","L002248","P865295",TRUE
"X551624","L002118","X552101",TRUE
"X551614","L002118","X552101",TRUE
"X551600","X552122","X552123",TRUE
"X551595","X552112","L002136",TRUE
"X551654","X552015","L002177",TRUE
"X551648","10_41F","L002093",TRUE
"X551645","L002184","X552133",TRUE
"X551649","10_41F","L002093",TRUE
"X551682","P865325","L002029",TRUE
"X551685","10_A39F","X552131",TRUE
"X551687","X552057","X552080",TRUE
"X551694","X552139","X552131",TRUE
"X551842","X552033","X552135",TRUE
"X551775","X552140","L002215",TRUE
"X551786","L002067","L002136",TRUE
"X551787","L002067","L002136",TRUE
"X551768","X552054","X552090",TRUE
"X551770","10_A39F","X552131",TRUE
"X551774","10_A39F","X552131",TRUE
"X551767","X552054","X552090",TRUE
"X551751","X552037","X552132",TRUE
"X551755","X552041","X552132",TRUE
"X551726","L002067","L002136",TRUE
"X551966","X552138","X552137",TRUE
"X551894","P865398","X552089",TRUE
"X551890","P865398","X552089",TRUE
"L298630","P865470","X552091",TRUE
"L298641","X552134","X552123",TRUE
"L298640","L002173","X551351",TRUE
"L298504","X552153","X552154",TRUE
"L298660","P865470","X552091",TRUE
"L298672","L002264","P865483",TRUE
"L298689","T562547","X552118",TRUE
"L298685","T562547","X552118",TRUE
"L298525","P865308","L002029",TRUE
"L298527","P865308","L002029",TRUE
"L298548","L002295","X552089",TRUE
"L298567","P865399","L002093",TRUE
"L298715","X552149","X552125",TRUE
"L298743","L002334","X552109",TRUE
"L298741","L002334","X552109",TRUE
"L298818","X552171","10_C40",TRUE
"L969052","X552185","X552093",TRUE
"L969199","11_62F","L002095",TRUE
"X552229","X552255","11_C63",TRUE
"L298887","L002125","L002178",TRUE
"L298889","L002125","L002178",TRUE
"L298886","X552195","X552203",TRUE
"L969463","X552274","X552273",TRUE
"L298937","L002076","X552184",TRUE
"L969834","X552284","X552281",TRUE
"L969865","X552191","X552206",TRUE
"L969877","X552139","X552268",TRUE
"L969902","X552291","X552290",TRUE
"L969959","L002076","L852163",TRUE
"L969969","X552153","X552206",TRUE
"L970084","X552340","L852170",TRUE
"L970183","X552320","X552318",TRUE
"L970209","X552022","L002219",TRUE
"L970223","L852194","12_C61",TRUE
"L970675","X552377","X552306",TRUE
"L970683","X552403","X552319",TRUE
"L970729","X552372","X552396",TRUE
"L970922","X552182","X552382",TRUE
"L970980","X552357","L298892",TRUE
"D517327","X552362","X552303",TRUE
"D517324","X552362","X552303",TRUE
"D517321","X552362","X552303",TRUE
"D517328","X552362","X552303",TRUE
"D517320","X552362","X552303",TRUE
"D517323","X552362","X552450",TRUE
"D517363","X552380","X552383",TRUE
"D517365","X552380","X552383",TRUE
"D517474","X552370","X552369",TRUE
"D517398","X552435","X552402",TRUE
"D517397","X552426","X552450",TRUE
"D517400","X552408","X552434",TRUE
"D517414","X552422","X552420",TRUE
"D517444","X552428","X552393",TRUE
"D517489","X552464","L002095",TRUE
"D517500","X552357","L298892",TRUE
"D517526","X552204","X552431",TRUE
"D517594","X552436","X552437",TRUE
"D517558","X552357","L298892",TRUE
"D517572","X552433","X552432",TRUE
"D517649","X552400","X552452",TRUE
"D517646","X552400","X552452",TRUE
"D517719","X552455","X552386",TRUE
"D517766","X552392","14_C47",TRUE
"D517790","X552458","X552381",TRUE
"D517800","X552409","L298545",TRUE
"D517819","L852019","X552432",TRUE
"D518685","D518539","X552395",TRUE
"D518682","D518539","X552395",TRUE
"D518730","D518549","D518522",TRUE
"D518732","X552488","X552482",TRUE
"D518738","X552204","D518545",TRUE
"D518739","16_A46F","D518587",TRUE
"D518762","16_A14F","D518547",TRUE
"D518792","D518540","16_C15",TRUE
"D518892","D518511","D518542",TRUE
"D518831","D518549","D518522",TRUE
"D518849","X552446","16_C20",TRUE
"D518860","X552446","16_C21",TRUE
"D518883","D518551","16_C12",TRUE
"D518971","D518511","D518542",TRUE
"D518965","D518558","D518555",TRUE
"Z650005","X552492","16_C30",TRUE
"Z650025","D518566","D518564",TRUE
"Z650027","D518566","D518564",TRUE
"Z650011","X552492","16_C31",TRUE
"Z650063","X552421","D518548",TRUE
"Z650102","X552285","X552490",TRUE
"Z650114","D518599","16_C39",TRUE
"Z650113","D518599","D518598",TRUE
"Z650154","D518579","D518574",TRUE
"Z650139","X552436","X552437",TRUE
"Z650130","16_156F","X552395",TRUE
"X551636","X552141","X551416",TRUE
"X551692","10_158F","X551131",TRUE
"X551691","10_158F","X551131",TRUE
"X551756","10_82F","X551012",TRUE
"X551956","X551185","P865479",TRUE
"L298633","L002154","X551416",TRUE
"L298635","L002154","X551416",TRUE
"L298521","X551214","L002219",TRUE
"L298555","10_179F","X551016",TRUE
"L298711","P865311","X551137",TRUE
"L969060","P865470","L298640",TRUE
"L969061","P865470","L298640",TRUE
"L969027","X552202","X551416",TRUE
"L969173","X552205","X551600",TRUE
"L969294","X551570","L852163",TRUE
"L969420","L852019","X551685",TRUE
"L969095","X551768","L002029",TRUE
"L969098","X551768","P865483",TRUE
"L969537","X551894","X552198",TRUE
"L970075","X552313","L298889",TRUE
"L970335","X551624","X552346",TRUE
"D517072","X552257","L969969",TRUE
"D517074","X552257","L969969",TRUE
"D517056","L852019","X551685",TRUE
"D517057","L852019","X551685",TRUE
"D517070","X551519","X552358",TRUE
"D517240","L970209","X552345",TRUE
"D517335","X552285","L969834",TRUE
"D517422","X552403","L298672",TRUE
"D517568","X552416","X551786",TRUE
"D517677","X552448","L969052",TRUE
"D517681","X552448","L969052",TRUE
"D517616","X552444","L970922",TRUE
"D517621","X552444","L970922",TRUE
"D517890","X552453","L298741",TRUE
"D517936","14_46F","L298672",TRUE
"D518475","X552459","D517321",TRUE
"D518700","D518541","D517444",TRUE
"D518708","D518541","D517444",TRUE
"D518706","D518541","D517444",TRUE
"D518742","D518565","D517646",TRUE
"D518748","D518565","D517646",TRUE
"D518747","D518521","D517766",TRUE
"D518772","D517500","D518525",TRUE
"D518782","D518519","X551786",TRUE
"D518786","D518519","X551786",TRUE
"D518897","D518511","D517489",TRUE
"D518870","D518565","D517646",TRUE
"D518873","D518521","D517766",TRUE
"D518874","D518565","D517646",TRUE
"D518877","D518560","D517327",TRUE
"D518882","D518560","D517327",TRUE
"D518956","D518559","D517323",TRUE
"D518953","D518559","D517323",TRUE
"D518966","X552403","D517489",TRUE
"D518981","D518561","D517526",TRUE
"Z650176","D518576","D517790",TRUE
"L969194","P865325","X551636",TRUE
"X552217","L852164","L298555",TRUE
"D517671","L298525","D517057",TRUE
"D518678","D518513","D517422",TRUE
"D518672","D518513","D517422",TRUE
"D518676","D518513","D517422",TRUE
"D518680","D518513","D517422",TRUE
"D518721","D517324","D517422",TRUE
"D518725","D517324","D517422",TRUE
"D518824","D518553","D517936",TRUE
"D518861","X552438","L969098",TRUE
"D518948","D517324","D517422",TRUE
"D518984","X552340","D517422",TRUE
"L969933","X552217","12_C37",TRUE
"D517261","X552297","L969933",TRUE
"D517263","X552297","L969933",TRUE
"D517633","X552466","L969933",TRUE
"D518769","D517500","L969933",TRUE
"D518843","X552297","L969933",TRUE
"D518844","X552297","L969933",TRUE
"D518911","D518567","L969933",TRUE
